id,amount,car,model,city,year
1,$129464.91,Dodge,Ram Van 1500,Yaozhuang,2001
2,$519990.10,Ford,Fiesta,Baizhang,2012
3,$840017.55,Dodge,Dakota,Zhangaqorghan,2001
4,$289854.54,Pontiac,Grand Am,Myasnikyan,2002
5,$264748.85,Audi,A8,Kauran,2000
6,$655213.19,Saab,9000,Kafr ad Dawwār,1986
7,$55627.96,Ford,Mustang,Apurawan,1995
8,$818602.84,BMW,M5,Pasirmadang,2001
9,$818283.64,Pontiac,Sunfire,Jagupit,1997
10,$499715.74,Mitsubishi,Eclipse,El Cocuy,1992
11,$42341.55,Buick,Park Avenue,Kongkeshu,1994
12,$391332.03,Nissan,Frontier,Ferbane,2012
13,$118960.54,Honda,del Sol,Encañada,1996
14,$891137.79,Oldsmobile,Silhouette,Xiyuan,2000
15,$804503.04,Volkswagen,New Beetle,Dakoutun,2001
16,$557074.02,Ford,E-Series,Otaniemi,1986
17,$371357.45,Chevrolet,Citation,Langsa,1980
18,$882358.28,Dodge,Caravan,Pak Phli,2010
19,$193382.62,Hyundai,Accent,Brikama Nding,2002
20,$130398.68,Pontiac,Grand Prix,Songnim,1963
21,$626994.97,Cadillac,DeVille,Xinhua,1999
22,$508204.48,Mazda,Miata MX-5,Helie,2006
23,$690242.39,Volvo,C70,Malabar,2004
24,$572354.18,Cadillac,XLR,Levallois-Perret,2006
25,$79984.10,Mercedes-Benz,SLK-Class,Al Karmil,2004
26,$328761.75,Pontiac,Sunfire,Albardón,2000
27,$169033.84,Chrysler,Town & Country,Al Mushannaf,1993
28,$621258.16,Volvo,V70,Ubajami,2000
29,$175074.18,Chrysler,Town & Country,Pariaman,2011
30,$263108.49,Ford,F150,Chenda,2003
31,$196276.25,GMC,Savana,Uddevalla,2012
32,$358224.99,Ford,F350,Tanjungkerta,1999
33,$647315.08,Volvo,XC70,Rudnogorsk,2012
34,$499254.84,Honda,Civic GX,Dzüünbulag,2003
35,$771533.32,BMW,530,Moholm,2003
36,$177497.13,Hyundai,Santa Fe,Hoogeveen,2001
37,$340007.22,Subaru,Loyale,Itaporanga,1991
38,$535417.81,GMC,Sonoma,Negombo,1998
39,$149784.82,Ford,Mustang,Kembangkerang Lauk Timur,1989
40,$674164.45,Buick,Regal,Makrýgialos,1990
41,$548824.29,GMC,Sierra 2500,Kryvichy,2008
42,$511282.70,Kia,Sportage,Cergy-Pontoise,1998
43,$378203.40,Mercedes-Benz,C-Class,Diamantina,1994
44,$122279.28,Toyota,Camry,Kertasari,1998
45,$214101.88,Honda,Pilot,Mérignac,2002
46,$711586.45,Land Rover,Range Rover,Paihia,1994
47,$546649.01,BMW,545,Kampungmasjid,2005
48,$2788.21,Kia,Spectra,Bergerac,2003
49,$325921.46,Porsche,Cayenne,Sukosari,2005
50,$46716.39,Chevrolet,Camaro,Granja,1995
51,$174486.85,Porsche,Cayenne,San Marcos,2004
52,$11923.58,Buick,Century,Stepove,1989
53,$944255.91,Chevrolet,S10 Blazer,Sande São Lourenço,1993
54,$855944.03,Hyundai,Sonata,Bayombong,2001
55,$319873.52,Hyundai,Sonata,Dumandesa,1998
56,$873740.72,Mercedes-Benz,SLK-Class,Ruo,2002
57,$902699.53,Hyundai,Sonata,Xinxu,2012
58,$487578.89,Lincoln,Continental,Piekielnik,1984
59,$951837.17,Toyota,Solara,Shani,2005
60,$640822.67,Honda,Passport,Quốc Oai,1996
61,$549748.82,Toyota,Highlander,Kiamba,2011
62,$403995.67,Volkswagen,Golf,Ladner,1984
63,$67750.70,Dodge,Nitro,Setun’,2008
64,$129035.12,Toyota,Sienna,Novais,2003
65,$466287.20,Honda,Odyssey,Uppsala,1995
66,$116548.03,Suzuki,Aerio,Chenzhouzhai,2003
67,$782338.55,Honda,Passport,Bolian,1998
68,$654507.96,Volkswagen,New Beetle,Aldeia de Além,2007
69,$270754.98,Mercedes-Benz,SLK-Class,Volodarka,2003
70,$580980.37,Maybach,57,Boketu,2004
71,$178602.30,Kia,Sedona,Regente Feijó,2012
72,$727713.79,Jaguar,XJ,Talavera,2008
73,$694955.79,Mercedes-Benz,300CE,Lodan Wetan,1992
74,$216492.99,Volkswagen,Eos,Changmao,2011
75,$678436.60,Hyundai,XG350,Palma De Mallorca,2002
76,$298709.76,Mercury,Cougar,Kota Bharu,1969
77,$569620.11,Ford,Escort,Severo-Zadonsk,2002
78,$864807.08,Hyundai,XG350,Burla,2002
79,$647356.68,Ford,Explorer Sport,Malayal,2000
80,$667872.74,Chrysler,Sebring,Buenos Aires,2005
81,$103698.36,Dodge,Ram Van 2500,Datong,1995
82,$281314.48,Dodge,Durango,Qishui,1998
83,$33256.00,Ford,Bronco II,Vulcan,1989
84,$789216.82,Jaguar,X-Type,Pampa del Infierno,2004
85,$731676.68,Ford,E350,Galapa,2008
86,$949968.81,Hyundai,Santa Fe,Al Buq‘ah,2009
87,$369951.55,Geo,Prizm,Huachos,1996
88,$530746.36,Chevrolet,3500,Tantamayo,2000
89,$536158.03,Acura,RL,Béré,2004
90,$390902.15,Toyota,Land Cruiser,Sankeyushu,2011
91,$692024.12,Ford,Ranger,Åhus,1987
92,$701721.45,Kia,Sephia,Monteros,1999
93,$906995.06,Dodge,Intrepid,Dashiju,1997
94,$466358.70,Buick,Regal,Balangiga,1988
95,$838371.35,Nissan,200SX,Cabuyao,1998
96,$192522.26,Honda,Civic,Bor Ondor,2008
97,$665264.02,Nissan,GT-R,Xiaopu,2013
98,$115882.46,Audi,Q5,Portela,2012
99,$293305.51,Toyota,Matrix,Farrokh Shahr,2007
100,$565857.09,Chevrolet,Silverado,Nizhniy Kurkuzhin,2011
101,$425313.22,Volkswagen,Jetta,Santo Domingo,2007
102,$664845.63,GMC,Envoy XL,Devesa,2002
103,$133544.30,Cadillac,Seville,Salamanca,1998
104,$155264.92,Dodge,Ram Van 3500,Nakhon Pathom,2002
105,$531758.49,Dodge,Dakota Club,Xiancun,1995
106,$102285.54,Audi,A4,Agodim,2012
107,$786983.94,Eagle,Summit,Zoumaping,1995
108,$936997.10,Oldsmobile,Bravada,Paris 18,1997
109,$886325.28,GMC,Sierra 3500,Candelaria,2000
110,$621133.85,Volkswagen,Fox,Xucheng,1992
111,$474937.14,Mitsubishi,Montero,Lamas,1992
112,$718981.09,Dodge,Nitro,Guarabira,2010
113,$984114.15,Volvo,S80,Nanyulinxi,2009
114,$833943.01,BMW,X5 M,San Andrés Xecul,2011
115,$725802.97,BMW,530,Qingxi,2002
116,$866220.67,Ford,Expedition EL,Pelem,2008
117,$109537.42,Hyundai,Elantra,Sopla,1993
118,$415411.72,Nissan,NV2500,Altıağac,2012
119,$247824.46,BMW,Z4,Porto Velho,2006
120,$141913.97,Cadillac,STS-V,Glubokiy,2006
121,$958775.29,Subaru,Forester,Dranoc,2001
122,$128641.23,Toyota,Echo,Brumado,2004
123,$625009.70,Porsche,911,Paris 18,1996
124,$468302.34,Oldsmobile,Achieva,Abadiânia,1998
125,$591821.03,Dodge,Ram Van B150,Guiyang,1992
126,$15878.02,Chevrolet,Suburban 1500,Jabungsisir,2010
127,$291130.92,BMW,3 Series,Were Īlu,2001
128,$679062.10,Ford,Th!nk,Addis Ababa,2002
129,$377431.47,Volkswagen,Scirocco,Orhon,1987
130,$707895.51,Mitsubishi,Diamante,Sardoal,1995
131,$950292.58,GMC,Yukon,Ijero-Ekiti,1998
132,$118817.79,Ford,Escort,Poissy,1997
133,$357474.94,Mazda,Millenia,Nyandoma,2000
134,$432945.09,Volvo,S40,Fëdorovskoye,2005
135,$719859.88,Toyota,Yaris,Gambarjati,2012
136,$288781.54,Audi,Q7,Qiankou,2012
137,$820402.10,Hyundai,Tucson,Zblewo,2008
138,$203987.66,Acura,RL,La Virginia,1996
139,$300378.56,Toyota,Sienna,Tílisos,2008
140,$565885.87,Volkswagen,Eurovan,Cikomara,1993
141,$667281.52,Suzuki,Daewoo Lacetti,Itako,2005
142,$995862.76,GMC,3500,Tuateta,1999
143,$129760.90,Mazda,CX-7,Reims,2009
144,$431528.89,Mercedes-Benz,C-Class,Kara-Balta,2000
145,$464534.94,Land Rover,Defender,Đông Thành,1993
146,$221445.67,Toyota,4Runner,Banyuresmi,2012
147,$157464.03,Chevrolet,S10,Canis,1998
148,$330494.51,Ford,Ranger,Opuzen,1990
149,$158645.63,Mercedes-Benz,SL-Class,Brka,1991
150,$356629.29,Chevrolet,HHR,Garoua Boulaï,2007
151,$682929.83,Lexus,LS,Hengzhou,2003
152,$172445.66,Audi,200,Tampa,1989
153,$703731.91,Lexus,ES,San Cristobal,1996
154,$381570.18,Aston Martin,V8 Vantage,Yezhu,2009
155,$652209.98,Honda,Civic GX,Jandir,2003
156,$519384.33,Lexus,RX Hybrid,Damaying,2008
157,$46946.61,Ford,Focus,Nicasio,2005
158,$494785.43,Toyota,Tundra,Lantian,2000
159,$661223.01,Infiniti,M,Cheongju-si,2008
160,$951362.54,Ford,LTD Crown Victoria,Akkol’,1990
161,$385070.29,Jeep,Cherokee,Kherson,1996
162,$986408.15,Nissan,Rogue,Hongtu,2011
163,$983322.88,Porsche,Carrera GT,Gastoúni,2005
164,$514216.02,Land Rover,LR2,Cumming,2012
165,$791043.67,Ford,Festiva,Pátmos,1993
166,$547918.97,Dodge,Ram 1500,Sapol,1995
167,$520582.94,Buick,Electra,Domalanoan,1984
168,$141075.89,GMC,Sierra 2500,Minien East,2010
169,$976484.98,Mitsubishi,Excel,Karabanovo,1989
170,$669968.18,Lexus,LX,Dananyu,2011
171,$250073.75,Dodge,Ram Wagon B250,Timaru,1993
172,$934536.46,Mazda,CX-9,Cikuda,2010
173,$993255.59,Lexus,IS,Niort,2002
174,$308102.66,Chrysler,Sebring,Saijō,2006
175,$638946.60,Chrysler,Concorde,Tugu,1999
176,$834792.42,Buick,Roadmaster,Oslo,1991
177,$538319.13,Suzuki,Daewoo Lacetti,Novi Bilokorovychi,2008
178,$526899.29,Ford,Tempo,Ngandangan,1990
179,$777079.43,Honda,Civic,København,2005
180,$102069.01,Mazda,RX-8,Ar Rawḑah,2010
181,$356653.48,Chevrolet,S10,Karlshamn,2004
182,$252747.91,Toyota,RAV4,Chucatamani,2007
183,$974667.36,Ford,Explorer Sport,Hongch’ŏn,2002
184,$848071.71,Cadillac,DTS,Ārt Khwājah,2010
185,$63324.03,Lamborghini,Murciélago,Kongsvinger,2007
186,$314817.91,Audi,A8,Arcos,2000
187,$600000.18,Chevrolet,Silverado 2500,Xilian,2006
188,$100066.57,Mazda,CX-7,Suchy Dąb,2009
189,$771369.91,Mercury,Capri,Siaya,1992
190,$939968.08,Audi,A6,Bromma,2007
191,$260520.17,Honda,Odyssey,Dingjiaqiao,1995
192,$595785.03,Saturn,S-Series,Xinhe,1997
193,$123716.54,Land Rover,LR3,Gelan,2009
194,$915682.78,Mazda,MX-5,Tanudan,2009
195,$99990.09,Mercury,Cougar,Kalabahi,1984
196,$351206.39,Audi,5000S,Nancy,1988
197,$400544.59,Volkswagen,Type 2,Otradnyy,1991
198,$146998.66,Mercedes-Benz,SL65 AMG,Dniprodzerzhyns’k,2006
199,$98286.34,BMW,X5 M,Janikowo,2010
200,$98349.00,Toyota,Sequoia,Dongchengyuan,2006
201,$625804.60,Mazda,Miata MX-5,Stony Hill,2001
202,$49700.94,Lexus,IS,Klichaw,2011
203,$112650.16,Ford,F-Series,Chinandega,2002
204,$235497.72,Subaru,Legacy,Calvão,1999
205,$84743.41,Chevrolet,Volt,Topeka,2011
206,$862540.27,Volkswagen,Golf,Melgar,1995
207,$832338.41,Isuzu,Rodeo,Tysmenychany,1999
208,$826585.00,GMC,Savana 3500,Huyang,1999
209,$971206.55,Mitsubishi,Challenger,Zevenaar,2003
210,$498667.10,Pontiac,Firebird,Hinvi,1994
211,$787130.81,Infiniti,EX,New Agutaya,2012
212,$697073.13,Lexus,IS F,Dembéni,2008
213,$445779.85,Chevrolet,Tahoe,Tieba,2009
214,$572335.13,Ford,F-Series,Koloniya Zastav’ye,1985
215,$587677.57,Chevrolet,Malibu,Triesenberg,2002
216,$189856.20,Dodge,Daytona,Shangyuan,1992
217,$512004.96,Mercury,Sable,Johanneshov,1988
218,$712627.46,Toyota,Solara,Losari,2000
219,$929235.49,Nissan,Altima,Qujiang,2006
220,$842383.45,Oldsmobile,Cutlass Cruiser,Guajiasi,1993
221,$260436.28,Chevrolet,Prizm,Liuxiang,2001
222,$31840.86,BMW,7 Series,Ekerö,1994
223,$560271.44,Porsche,Cayman,Longxian,2010
224,$22823.77,GMC,Savana 2500,El Ángel,2012
225,$548156.90,Mercury,Marquis,Andahuaylillas,1984
226,$366023.75,Ford,F350,Akure,1999
227,$302932.23,Mercedes-Benz,G-Class,Pagangan,2009
228,$904798.48,Ford,E350,Honghai,2005
229,$829223.62,Toyota,Camry,Bensonville,1999
230,$427509.57,Chevrolet,Silverado 3500,Barbacena,2011
231,$585456.36,Lamborghini,Gallardo,Kalinovo,2004
232,$950929.57,BMW,7 Series,Nanortalik,2007
233,$17956.59,Chevrolet,Caprice Classic,Jarada,1996
234,$973659.22,Dodge,Nitro,Mawlamyine,2008
235,$600480.69,Toyota,Highlander,Václavovice,2008
236,$400204.65,Kia,Soul,Qingquan,2010
237,$742045.98,GMC,Sierra 2500,Yangping,2005
238,$500709.02,Audi,A8,Manjacaze,2001
239,$129819.54,Mercedes-Benz,S-Class,San José,1988
240,$76514.62,Mitsubishi,RVR,Bom Sucesso,1993
241,$246191.69,Dodge,Neon,Georgetown,1998
242,$852468.98,Toyota,Tercel,Choros,1993
243,$719595.96,Audi,R8,Sangkulirang,2009
244,$193434.11,Toyota,Tacoma,Kampunglistrik,2009
245,$623236.58,Cadillac,STS,Langzhong,2010
246,$176488.40,Bentley,Continental Flying Spur,Chengguan,2007
247,$127674.43,Chrysler,300M,Xibing,2004
248,$368274.33,Jeep,Liberty,Na Yung,2011
249,$447652.99,Saturn,Outlook,Novo Aripuanã,2010
250,$735422.52,Kia,Spectra,San Juan,2006
251,$576894.13,Dodge,Ram Van B250,Gudong,1993
252,$212431.80,Ford,E150,Helsingborg,2011
253,$78415.88,Volkswagen,Passat,Brvenica,1995
254,$890878.15,Dodge,Dakota,Lysice,1992
255,$464550.65,Buick,Rendezvous,Shiye,2004
256,$539998.62,Dodge,Ram,São Sebastião do Caí,2011
257,$216963.04,Mercedes-Benz,M-Class,Zhangdun,2007
258,$465202.04,Pontiac,Grand Am,Zalesnoye,1987
259,$108350.43,Ford,E350,Ban Bang Kadi Pathum Thani,2011
260,$646027.29,Nissan,Titan,Amassoma,2011
261,$46185.94,Nissan,Cube,Xilin,2009
262,$309761.28,Bentley,Continental GTC,Xiaping,2010
263,$352057.74,Chevrolet,Corvette,Soledar,1963
264,$289384.36,Jaguar,XF,Heerlen,2011
265,$405214.22,Chrysler,PT Cruiser,Varberg,2009
266,$50252.61,Saturn,Outlook,Morelos,2010
267,$131426.42,Dodge,Avenger,Pangal Sur,1997
268,$399042.51,Mitsubishi,Precis,San Antonio,1994
269,$188710.30,Mercedes-Benz,E-Class,San José de Río Tinto,1998
270,$608747.71,Audi,S6,Kuala Lumpur,2003
271,$26961.40,Toyota,Sienna,Ankazondandy,1999
272,$11829.48,GMC,Sierra 1500,Göteborg,2010
273,$720483.60,Toyota,Previa,Trinidad,1994
274,$547632.78,Mazda,CX-7,Walnut Grove,2009
275,$150569.33,Volvo,C70,San Miguel,2011
276,$175657.94,Acura,SLX,Mafinga,1998
277,$389819.26,Jaguar,XK,Kuala Lumpur,2008
278,$740479.40,Pontiac,Grand Am,Garibaldi,2000
279,$609672.50,Toyota,RAV4,Kolyvan’,1998
280,$592914.19,Suzuki,Aerio,Le Havre,2005
281,$77034.40,Ford,Escort,Humaitá,2002
282,$591880.51,Lincoln,Continental,San Rafael,1986
283,$894107.30,Infiniti,G35,Laç,2006
284,$687547.69,Mercedes-Benz,CL-Class,Sabtang,2012
285,$144385.22,Ford,F-Series,Kangān,2011
286,$383027.82,Lotus,Exige,Maicao,2011
287,$328549.00,Dodge,Stratus,Xi’an,2003
288,$462732.58,Ford,Explorer,Artemisa,2000
289,$956061.60,Cadillac,DeVille,Ash Shaykh Zuwayd,2001
290,$322469.93,Jaguar,XK Series,La Unión,1997
291,$737024.24,Mazda,929,Rawannawi Village,1995
292,$391301.55,Volvo,XC70,Mandesan,2011
293,$647080.06,Subaru,Forester,Amgalang,1999
294,$148839.32,Mazda,Miata MX-5,Hołoby,2000
295,$952965.74,Dodge,Ram 2500 Club,Yutou,1997
296,$224180.09,Honda,S2000,Studzionka,2003
297,$692652.62,Subaru,Justy,Itapetinga,1994
298,$215410.97,Ford,E350,Líbano,2010
299,$150800.90,Buick,LeSabre,Masindi Port,2005
300,$709077.90,Volkswagen,Eurovan,Jingyang,2001
301,$643142.82,Audi,A3,‘Ubāl,2009
302,$624720.63,Pontiac,Parisienne,Mayingzhuang,1985
303,$242715.08,Pontiac,GTO,Bella Unión,1971
304,$325463.80,Mitsubishi,GTO,Jincang,1995
305,$94606.15,Geo,Tracker,Regimin,1995
306,$454782.86,Chevrolet,Metro,Bus’k,2001
307,$803793.87,Dodge,Dakota Club,Chengjiao,1993
308,$641128.04,Pontiac,Grand Prix,Logung,1987
309,$527259.37,Oldsmobile,88,Luorong,1996
310,$954866.60,Toyota,Sienna,Strassen,1998
311,$223750.60,Toyota,T100 Xtra,Omigawa,1998
312,$197197.49,Nissan,300ZX,Jinotega,1996
313,$86603.07,Pontiac,Trans Sport,Chamouny,1999
314,$55479.94,BMW,645,Yanas,2004
315,$268653.91,Cadillac,Escalade ESV,Jingshan,2004
316,$226928.08,Nissan,Altima,Panjiawan,2003
317,$699602.52,Toyota,RAV4,Sukamulya,1998
318,$469496.84,Ford,Ranger,Świdwin,1986
319,$167086.86,Volkswagen,New Beetle,Plan de Ayala,2012
320,$43996.82,Ford,Mustang,Mosteiros,1966
321,$461284.30,Honda,Prelude,Abelheira,1993
322,$792498.74,Bentley,Continental,Valence,2009
323,$441049.35,Chevrolet,Corvette,Chơn Thành,1987
324,$819561.54,Mercedes-Benz,500E,Uzyn,1992
325,$277073.08,Toyota,Avalon,Hollywood,2002
326,$804026.58,Lamborghini,Diablo,Kamárai,1991
327,$945021.22,Smart,Fortwo,Caacupé,2008
328,$309033.11,Lincoln,LS,Cikujang,2002
329,$589226.78,Oldsmobile,Intrigue,Washington,1998
330,$245528.89,Buick,Century,Pamakayo,1986
331,$328661.76,Toyota,4Runner,Aihua,2010
332,$87483.96,Scion,xD,Seltjarnarnes,2008
333,$341913.94,Mercedes-Benz,CLK-Class,Shataping,2006
334,$971119.07,Mercury,Grand Marquis,Daleman,2006
335,$245755.24,Mercury,Cougar,Besançon,1970
336,$87667.12,Jeep,Liberty,Kruševica,2011
337,$23591.80,Toyota,FJ Cruiser,Almere Haven,2010
338,$371449.42,Mercury,Sable,Bonneville,1992
339,$596666.34,Kia,Sedona,Witbank,2009
340,$206940.10,Dodge,Dynasty,Thị Trấn Nho Quan,1993
341,$105106.76,BMW,Z4,Lijie,2009
342,$945904.82,Mazda,CX-9,Caihua,2007
343,$20648.73,Chevrolet,Beretta,Kuta,1993
344,$759088.60,Dodge,Aspen,Donglinxi,1976
345,$55607.38,Honda,Civic,Hutou,1989
346,$197109.37,Acura,CL,Dongba,1997
347,$823916.60,Cadillac,Escalade,Malesína,2004
348,$209003.75,Saab,9-3,Santa Rita do Passa Quatro,2012
349,$844222.11,Volkswagen,Touareg,San Diego,2007
350,$11869.62,Aston Martin,DB9,Argentan,2012
351,$142574.03,Porsche,Boxster,Malbug,2004
352,$789321.33,Ford,Fairlane,Linshui,1966
353,$323814.58,Acura,MDX,Jocotenango,2005
354,$407249.39,Porsche,911,Amparita,1998
355,$542756.92,Mercedes-Benz,SLK-Class,Kista,2005
356,$123302.26,Dodge,Dakota Club,Kcynia,1997
357,$645539.74,Lexus,IS,Balīlā,2004
358,$953884.26,Ford,Mustang,San Agustin,2010
359,$266263.55,Ford,Flex,Pilcomay,2011
360,$429889.62,GMC,Yukon XL 2500,Drakino,2010
361,$976451.28,Chevrolet,Metro,Rappang,2001
362,$649796.63,Lexus,RX,Dežanovac,2004
363,$435035.29,GMC,Savana 3500,Frederico Westphalen,2007
364,$189213.62,Mitsubishi,Lancer,Asheville,2007
365,$232064.13,Jaguar,XJ Series,Insiza,2003
366,$522656.10,Mercedes-Benz,GLK-Class,Boston,2012
367,$806857.36,Chevrolet,Suburban,Murcia,2009
368,$398663.34,Audi,A3,København,2012
369,$952818.78,Mercedes-Benz,R-Class,Shahr-e Bābak,2009
370,$494191.60,Mitsubishi,Sigma,Padre Burgos,1989
371,$640032.58,Porsche,Cayenne,Dortmund,2006
372,$247488.62,Ford,E150,Anningqu,2006
373,$728077.13,Audi,Q5,Křenovice,2010
374,$59857.18,Chevrolet,Express 1500,Jiaobei,2010
375,$108315.11,Lamborghini,Murciélago,Mascouche,2010
376,$495326.77,Suzuki,Swift,Owando,1987
377,$910179.47,Audi,TT,Calamba,2004
378,$360760.38,Toyota,Matrix,Laborde,2004
379,$75318.59,MINI,Cooper Clubman,Zelenogradsk,2009
380,$990301.92,Rambler,Classic,Khovaling,1963
381,$765317.15,Hyundai,Accent,Prámanta,1995
382,$871530.82,Nissan,200SX,Cigedang,1997
383,$840035.36,Acura,RL,Pajala,2007
384,$933322.15,Saab,900,København,1999
385,$591928.51,Volvo,S80,Shahr-e Qods,2007
386,$731896.16,Oldsmobile,Alero,Sere,2004
387,$365838.13,Infiniti,G,Nuevo Berlín,2004
388,$509870.65,Suzuki,SJ,Yihe,1986
389,$212899.44,Honda,Accord,Luxi,1998
390,$545953.55,Suzuki,XL-7,Laban,2001
391,$676698.75,Suzuki,Equator,Yihe,2011
392,$744461.45,Suzuki,Sidekick,Trąbki,1990
393,$369789.28,Ford,Escort,Messina,1994
394,$151499.40,Ford,Fusion,João Câmara,2010
395,$997789.42,Mercury,Grand Marquis,Géfyra,1993
396,$120611.79,Mercedes-Benz,W201,New Agutaya,1991
397,$684981.17,Buick,Century,Wangjiaping,1993
398,$993187.39,Ford,Expedition,Krivyanskaya,2007
399,$342299.07,Isuzu,i-Series,Emalgolin Mongolzuxiang,2006
400,$340720.12,Ford,Escort,Ţūlkarm,1992
401,$605032.33,Pontiac,Bonneville,Jiaotang,2003
402,$88453.84,BMW,Z3,Los Angeles,1997
403,$509286.40,Pontiac,Bonneville,Lobuni,2005
404,$7651.62,Dodge,Dynasty,Zhaozhen,1993
405,$462559.79,Cadillac,STS-V,Tân Kỳ,2008
406,$266703.45,Lexus,IS-F,Kuching,2012
407,$278413.42,Porsche,Panamera,Dinaig,2011
408,$843925.18,Dodge,Colt,Dongzhang,1992
409,$743421.25,Jaguar,XF,Novaya Derevnya,2012
410,$145857.17,Acura,TL,Patayac,1998
411,$16087.27,Lexus,LX,Melaka,2006
412,$391828.65,Cadillac,Eldorado,Valera,1993
413,$850214.08,Mercedes-Benz,C-Class,Telde,2000
414,$884130.97,GMC,Sonoma Club Coupe,Strelka,1997
415,$30036.80,Mazda,RX-8,Issa,2004
416,$60140.23,Cadillac,Fleetwood,Ambarita,1993
417,$210058.02,Land Rover,Sterling,Jagistay,1991
418,$821868.91,Dodge,Grand Caravan,Hodkovice nad Mohelkou,2007
419,$683910.65,McLaren,MP4-12C,Fushan,2012
420,$312334.63,Mitsubishi,Outlander,Thị Trấn Na Sầm,2003
421,$444724.68,Toyota,T100,Tambir,1998
422,$471967.71,Alfa Romeo,Spider,Florencia,1993
423,$270788.68,Maserati,Quattroporte,Mafang,1985
424,$571296.07,Dodge,Charger,Baucau,2007
425,$339839.40,Mercury,Sable,Agboville,1987
426,$711953.18,Nissan,Altima,Mountain View,1997
427,$111732.37,Pontiac,Grand Am,Jiebu,2002
428,$460852.78,Hyundai,Azera,Ruihong,2007
429,$797212.70,Chevrolet,Avalanche,Columbus,2011
430,$889191.58,Bentley,Mulsanne,San Manuel,2011
431,$504545.54,Porsche,911,Maricá,1993
432,$21878.24,Chevrolet,Impala SS,Pärnu-Jaagupi,1994
433,$273326.18,Dodge,Ram,Vannes,2011
434,$352573.88,Ford,F350,Horodok,1996
435,$874516.01,Jaguar,XK,Nacka,2006
436,$634698.85,GMC,Safari,Dobrovo,1999
437,$843870.90,Toyota,Celica,Hostěradice,1982
438,$54274.34,Honda,Fit,San Kamphaeng,2011
439,$178334.40,Infiniti,I,Kyriáki,2002
440,$816347.85,Eagle,Talon,Mirontsi,1998
441,$931645.91,Lexus,LS,Narsaq,1991
442,$915068.91,Dodge,Grand Caravan,Guayabal,2004
443,$762707.35,Mercedes-Benz,G-Class,Linqu,2010
444,$576867.96,Isuzu,Rodeo,Grand Forks,1994
445,$533686.99,Hummer,H2 SUV,Nakhchivan,2006
446,$978589.83,Chevrolet,Express,Carcar,2012
447,$495417.30,Mercedes-Benz,SL-Class,Bijelo Polje,2006
448,$404898.42,Chevrolet,Avalanche,Xiangshan,2012
449,$929062.57,Cadillac,STS-V,Solok Timur,2008
450,$621086.42,Dodge,Ram 1500,Cikupa,2010
451,$637022.26,Volvo,S80,Dawan,2009
452,$881945.57,Jeep,Liberty,Daming,2010
453,$546652.97,Aston Martin,DB9,Cabriz,2011
454,$986909.73,Chevrolet,Express 1500,San Cristóbal Totonicapán,1998
455,$40876.80,Lincoln,Mark VIII,Kovači,1996
456,$50907.02,Kia,Soul,Port Saint John’s,2012
457,$464448.02,Volkswagen,Touareg,Sardasht,2009
458,$110968.56,Volkswagen,Golf,Changyanbao,1993
459,$959214.39,Mercedes-Benz,W201,Černožice,1987
460,$689097.73,Mazda,Tribute,Masina,2008
461,$826414.83,GMC,Rally Wagon G3500,Sasayama,1996
462,$88234.06,Ford,F-250 Super Duty,Birnin Kebbi,2006
463,$192941.02,Dodge,Ram 1500 Club,Arazane,1997
464,$35518.17,Bentley,Continental GTC,Huancarqui,2009
465,$962792.43,Toyota,Land Cruiser,Bafatá,2002
466,$649332.66,Toyota,Camry,Baipu,1994
467,$352372.60,Mercedes-Benz,CL-Class,Birmingham,2011
468,$93117.49,Mercedes-Benz,G-Class,Grujugan,2012
469,$103809.67,GMC,Yukon XL 1500,Poctol,2000
470,$444027.06,Ford,Fiesta,Pousada,2011
471,$302605.42,Hyundai,Accent,Barengkok Hilir,1996
472,$437186.69,Mercedes-Benz,M-Class,Lyon,1998
473,$957749.30,Maybach,Landaulet,Iraquara,2012
474,$378523.70,GMC,Savana 1500,Umbultanjung,2007
475,$757072.80,GMC,Yukon,Kyshtym,1993
476,$852185.36,GMC,3500 Club Coupe,Wuhu,1998
477,$640743.85,Lincoln,Continental,Sukpak,1998
478,$325232.53,Porsche,Cayenne,Mancogeh,2013
479,$473927.98,Kia,Sportage,Alvand,2002
480,$435105.30,Panoz,Esperante,Palaran,2006
481,$521859.96,Mitsubishi,Montero,Seara,2000
482,$538075.14,Honda,Civic,Kampene,1997
483,$989598.66,Dodge,Ram 1500 Club,Dankunku,1999
484,$845542.56,Buick,Reatta,Bamenda,1990
485,$78719.12,Pontiac,Fiero,Murtajih,1985
486,$515689.18,Plymouth,Laser,Klokot,1993
487,$121169.82,Acura,MDX,Abeokuta,2003
488,$321784.98,Lexus,GS,Babakan,2003
489,$297014.22,Mercedes-Benz,M-Class,Hennenman,2008
490,$950297.74,Chevrolet,Corvette,Pinoma,1997
491,$986483.47,GMC,Sierra 1500,Fonte,2008
492,$726655.07,Chevrolet,Tracker,Lazarat,2004
493,$244165.91,Mercedes-Benz,GL-Class,Tasikmalaya,2012
494,$346750.84,Mercury,Mariner,Envira,2007
495,$932000.49,Chevrolet,Silverado 1500,Zābolī,2005
496,$195685.27,Mitsubishi,Truck,København,1992
497,$323670.08,Toyota,Prius,Turar Ryskulov,2002
498,$183734.92,Toyota,Xtra,Santa Elena de Uairén,1992
499,$460942.44,Aptera,Typ-1,Jandaia do Sul,2008
500,$829243.04,Nissan,Pathfinder,Krutinka,2010
501,$992444.11,Chrysler,Concorde,Pułtusk,1994
502,$339236.41,Porsche,Carrera GT,Bratslav,2005
503,$685750.96,Pontiac,6000,Lloydminster,1989
504,$279602.93,Lincoln,Continental,Atamanovka,1988
505,$594161.99,Scion,xB,Shuangjing,2004
506,$225272.62,Lexus,IS,Karangtengah,2008
507,$863965.90,Dodge,Caravan,Shilaoren,2009
508,$738456.94,Mercedes-Benz,CL-Class,Mílos,2011
509,$695114.19,Land Rover,Discovery Series II,Chengfeng,2002
510,$22218.87,Pontiac,Grand Prix,Santa Venera,1968
511,$908453.50,Audi,Cabriolet,Yanping,1995
512,$6455.73,Buick,Skylark,Masuda,1987
513,$674010.88,Dodge,Durango,Scranton,1998
514,$531453.43,Buick,Riviera,Ogden,1988
515,$465273.04,Chevrolet,HHR,Göteborg,2006
516,$981536.77,Mitsubishi,Outlander,Dongting,2010
517,$354375.56,Mitsubishi,Mighty Max,Yên Thành,1995
518,$839641.70,BMW,X6 M,Kota Kinabalu,2010
519,$89694.12,Toyota,Land Cruiser,Val-de-Reuil,1994
520,$931003.28,Buick,LeSabre,Kālīganj,1998
521,$750026.77,Mercedes-Benz,C-Class,La Viña,1997
522,$237751.53,GMC,Savana 2500,Erping,2005
523,$116998.59,Chevrolet,Cavalier,Sandakan,2000
524,$804948.24,Mercury,Topaz,Boljevac,1991
525,$436858.89,Pontiac,Grand Am,Telagaselaba,1999
526,$917372.77,Geo,Tracker,Yupiltepeque,1996
527,$714293.78,GMC,Canyon,Jijiga,2007
528,$269078.70,Lamborghini,Murciélago,Nagasaki-shi,2008
529,$303754.15,GMC,Envoy,Połomia,2006
530,$893038.59,Mercedes-Benz,M-Class,Laiyang,2011
531,$248282.81,GMC,Envoy XUV,Sovetskiy,2005
532,$824633.15,Land Rover,Range Rover Evoque,Menghe,2012
533,$376045.09,Geo,Metro,Nila Dua,1997
534,$281998.20,Aston Martin,DB9,Yixing,2012
535,$370594.30,Hyundai,Sonata,San Isidro,2010
536,$441133.25,Lexus,CT,Dzel,2011
537,$675729.64,Dodge,D250,Shangrao,1993
538,$472252.57,Acura,TL,President Roxas,2005
539,$926559.28,Pontiac,Torrent,Fray Bentos,2007
540,$813236.54,Oldsmobile,Ciera,Koniaków,1995
541,$827787.53,Dodge,Spirit,Matabao,1995
542,$635383.82,Maybach,Landaulet,Alençon,2010
543,$454657.09,GMC,Sonoma,Tungdor,1998
544,$546126.92,Ford,Escape,Hongqi,2011
545,$21901.41,Honda,Prelude,Arthur’s Town,2001
546,$383396.01,BMW,7 Series,Chortkiv,1999
547,$450134.76,Toyota,Camry,Mukayrās,2002
548,$166681.23,Austin,Mini,Jiangguanchi,1959
549,$541262.00,Toyota,Prius,Borik,2006
550,$327175.32,Isuzu,Space,Xindeng,1994
551,$13223.94,Lincoln,LS,Vinnytsya,2005
552,$769575.33,Saturn,S-Series,Kawage,1999
553,$361992.11,Maserati,Quattroporte,Saint-Quentin-en-Yvelines,2009
554,$770768.71,Mitsubishi,Eclipse,Napoles,1999
555,$833729.42,Mazda,929,Mutā Khān,1989
556,$131755.47,Honda,Accord,Yanai,2002
557,$110800.03,Pontiac,LeMans,Reconquista,1967
558,$516178.19,Lexus,ES,Lomme,2010
559,$257347.30,Ford,Flex,Lewo,2013
560,$717896.18,Cadillac,Escalade ESV,Gent,2009
561,$886554.82,Porsche,Cayenne,Sungaikupang,2013
562,$976638.49,Ford,Thunderbird,Novodmitriyevskaya,1992
563,$488399.49,BMW,Z4,Burunday,2012
564,$490922.26,Suzuki,SX4,Luyang,2008
565,$300251.81,Hyundai,Equus,Portão,2011
566,$550881.92,Mitsubishi,Lancer,Vizal San Pablo,2004
567,$779551.41,Audi,S5,Montalegre,2009
568,$488883.61,Audi,R8,Caracal,2011
569,$127972.94,Lotus,Exige,Serra da Boa Viagem,2010
570,$962359.39,Chevrolet,SSR,Pyatnitskoye,2006
571,$292345.24,Audi,R8,Caidian,2012
572,$534585.22,Chrysler,Crossfire,Fada,2006
573,$169671.51,GMC,Yukon,La Loma,1993
574,$478025.04,GMC,Yukon XL 1500,Lomboy,2000
575,$16327.64,Pontiac,G5,Russkiy,2008
576,$141932.61,Toyota,Sequoia,Santo Anastácio,2010
577,$140658.04,Chevrolet,Corvette,Đồi Ngô,1978
578,$602339.56,Hyundai,Accent,Räpina,2003
579,$765174.29,Chevrolet,APV,Huilelot,1993
580,$827041.48,Honda,Element,Naushki,2010
581,$918488.74,Saab,9000,Ornontowice,1992
582,$718094.74,Mazda,MPV,Itapissuma,2005
583,$511607.09,Ford,Econoline E150,Berea,1998
584,$539963.05,Mitsubishi,Mighty Max,Alphen aan den Rijn,1996
585,$168683.97,Honda,Odyssey,Sztum,2005
586,$917798.63,Mitsubishi,Truck,Shīnḏanḏ,1991
587,$957586.31,Dodge,Dakota,Tifni,2010
588,$132571.27,Lexus,ES,Haykashen,2004
589,$81779.89,Hyundai,Elantra,El Águila,2007
590,$686354.31,Lexus,IS F,Horodok,2008
591,$298356.56,Hyundai,Veloster,Kota Kinabalu,2013
592,$364776.24,GMC,3500 Club Coupe,Longshan,1995
593,$427549.40,Infiniti,EX,Kasongo,2012
594,$850293.16,Subaru,SVX,Kolambugan,1992
595,$219470.56,Audi,S4,Ḩajjah,1994
596,$272927.57,Dodge,Intrepid,Lebedyn,1998
597,$90236.39,Dodge,Magnum,Xinchang,2007
598,$676327.84,Saturn,S-Series,Laba Goumen,1998
599,$568934.26,Mazda,Mazdaspeed6,Cordeiro,2006
600,$559306.27,Volvo,XC90,Ta’erqi,2004
601,$821541.50,Volvo,XC90,Horvati,2008
602,$631784.34,Mercedes-Benz,CLK-Class,Lamarosa,2006
603,$644475.04,Rolls-Royce,Phantom,Killumney,2008
604,$577021.78,Mazda,Navajo,Lindavista,1991
605,$795449.82,Cadillac,Seville,Le Havre,1996
606,$804369.31,Mitsubishi,Outlander,Banjiang,2006
607,$672058.33,Chevrolet,Suburban 1500,Kunvald,1998
608,$938323.62,Oldsmobile,Bravada,Pingshanhu,2000
609,$900581.30,BMW,7 Series,Villiers,2000
610,$138910.40,Honda,Prelude,Urrô,2001
611,$581065.26,BMW,7 Series,Sipe Sipe,1992
612,$480160.80,Toyota,Sequoia,Barentu,2011
613,$112599.22,Mercedes-Benz,500SEL,Telgawah,1992
614,$742072.82,Porsche,Cayenne,Beolgyo,2011
615,$786128.03,Ford,E350,Seoam,2003
616,$697062.90,Lexus,SC,Avignon,2008
617,$932808.22,Isuzu,i-Series,Pochuta,2008
618,$600348.66,Mercedes-Benz,300SE,Xindeng,1993
619,$458799.57,Suzuki,Esteem,Santa Catalina,1997
620,$323527.96,Toyota,Tundra,Ghurayd Gharamē,2000
621,$822742.87,BMW,7 Series,Paris La Défense,2006
622,$358045.15,Volkswagen,GTI,Savé,2004
623,$703511.12,Isuzu,i-280,Ängelholm,2006
624,$182407.58,Chevrolet,TrailBlazer,Zongzhai,2006
625,$690951.79,Honda,Accord,Salgar,1998
626,$850019.46,GMC,Safari,Lobatse,2005
627,$353117.12,Isuzu,i-Series,Manogay,2007
628,$635751.28,GMC,Terrain,Toktogul,2011
629,$355850.73,Ford,Expedition,Phra Phrom,2000
630,$603189.04,Scion,tC,Lyuboml’,2012
631,$739551.87,Lexus,IS-F,Chengkan,2008
632,$509454.13,Subaru,Legacy,Okcheon,1999
633,$206998.37,Honda,Civic,Guanshan,1989
634,$384015.35,Volkswagen,Fox,Lófos,1993
635,$309477.96,Mazda,Miata MX-5,Al Abyār,2007
636,$472084.50,Maserati,Spyder,Shiguai,2005
637,$953820.56,Infiniti,EX,Mapulo,2010
638,$134293.46,Mazda,Miata MX-5,Casal dos Bernardos,2000
639,$807236.03,Subaru,Outback,Povenets,2004
640,$50096.82,Toyota,Tacoma Xtra,Talakag,1998
641,$853285.61,Lexus,GS,Balitai,2003
642,$772783.65,Isuzu,i-290,Taiping,2008
643,$965045.42,Toyota,Camry,Aldeia da Bela Vista,2008
644,$550483.98,Buick,Century,Rędziny,2005
645,$163555.83,Buick,Lucerne,Partille,2009
646,$475916.22,Dodge,Intrepid,São Filipe,1999
647,$367719.50,Porsche,Cayenne,Laojiangjunjie,2009
648,$141938.70,Mercedes-Benz,SL-Class,Ezeiza,1992
649,$129922.84,Volvo,S60,Naifalo,2010
650,$421830.65,GMC,Sierra 2500,Bancroft,2007
651,$120989.55,Volkswagen,CC,Dusit,2010
652,$70769.86,Ford,GT,Baykonyr,2005
653,$588793.89,Ford,Escape,Séguéla,2007
654,$878814.78,Bentley,Arnage,Lucija,2005
655,$644976.94,Subaru,Legacy,Juntang,2005
656,$523645.53,Ford,E150,Bolgar,1984
657,$209085.31,Dodge,Durango,Matanza,2007
658,$936865.81,Honda,Fit,Temirgoyevskaya,2007
659,$5067.61,Suzuki,Grand Vitara,Arsenal,2001
660,$531614.65,GMC,Safari,Azul,2001
661,$497293.49,Ford,Mustang,Jajar,2000
662,$100405.82,Dodge,Grand Caravan,Lokatadho,1996
663,$132190.47,Chrysler,Sebring,Toshbuloq,1995
664,$808774.74,GMC,Envoy,Komorów,2002
665,$430770.76,Mazda,626,Santa Cruz,2001
666,$743489.70,Jeep,Cherokee,Ciomas,1995
667,$975837.22,Mercedes-Benz,CLS-Class,Kampungdesa,2008
668,$327066.00,Mitsubishi,Eclipse,K’ulashi,2001
669,$469240.94,BMW,1 Series,El Tambo,2008
670,$738639.94,Lexus,HS,El Hamma,2011
671,$324647.29,GMC,Envoy,Santa Cruz,2009
672,$449123.92,Audi,S6,Kabul,2011
673,$233971.80,Hyundai,Veracruz,Partido,2011
674,$711856.39,Aston Martin,V8 Vantage,Granville,2011
675,$3768.87,GMC,Sierra 3500,Belfast,2011
676,$820319.07,BMW,X3,Wulingyuan,2009
677,$292416.47,Chevrolet,Lumina,Lugo,1992
678,$449790.28,Chevrolet,Sportvan G30,Masantol,1995
679,$177915.43,Mitsubishi,Diamante,Paya Dapur,1998
680,$917043.82,Oldsmobile,Silhouette,Luleå,1994
681,$74213.04,Acura,RSX,Alindao,2003
682,$954810.71,Honda,Pilot,Ramon Magsaysay,2004
683,$730752.74,Lexus,ES,Saint Louis,1993
684,$220198.66,Volkswagen,Eurovan,Svyatogorsk,1999
685,$339559.69,Oldsmobile,Intrigue,El Porvenir,1999
686,$666816.36,Volkswagen,CC,Pasiragung,2013
687,$232318.58,Ford,Escape,Casal,2005
688,$154949.55,Chevrolet,2500,Tambaksari,1993
689,$468782.93,Ford,Taurus,Dongping,2012
690,$421647.13,Chevrolet,Express 3500,Helsingborg,2006
691,$263116.75,Dodge,Challenger,Bayshint,2012
692,$557561.80,Chevrolet,Prizm,Sofo-Birnin-Gwari,1999
693,$157963.13,Mazda,RX-7,Al Jubayhah,1985
694,$583555.23,Volvo,XC90,Randu,2004
695,$743746.63,Ford,Fairlane,Nong Phai,1966
696,$839806.58,Volkswagen,riolet,Shiroi,1992
697,$897352.41,Maserati,Coupe,Néa Ankhíalos,2005
698,$19978.92,Toyota,Prius,Kożuchów,2009
699,$337228.99,Audi,S8,Belén,2006
700,$914457.61,Ford,Explorer Sport Trac,Gostovići,2002
701,$689922.45,Dodge,Charger,Timurlorong,2007
702,$986059.02,Suzuki,SJ,Mansa,1986
703,$134412.40,Ford,Mustang,Sangiang,2002
704,$31848.69,Ford,Focus,Imbituva,2013
705,$450770.72,Mitsubishi,Galant,Zielonka,1993
706,$504153.11,Chevrolet,Silverado 2500,Zimovniki,2010
707,$231386.85,BMW,M5,Częstochowa,2007
708,$715176.94,GMC,Yukon XL 1500,Chengnan,2009
709,$972008.06,Chevrolet,Prizm,Zhiletovo,1998
710,$875491.40,Infiniti,I,Isehara,2001
711,$730939.24,Pontiac,GTO,Campechuela,1970
712,$11592.19,Maybach,62,Chemnitz,2003
713,$930090.29,Volkswagen,Cabriolet,Sulkava,1987
714,$375223.63,Kia,Sportage,Phoenix,2008
715,$858650.11,Lamborghini,Countach,Taytayan,1990
716,$993973.85,GMC,Yukon XL 2500,Bech,2001
717,$579917.11,GMC,Yukon XL 1500,Boliney,2007
718,$680394.03,Fiat,Nuova 500,Paris 12,2012
719,$745172.42,Kia,Sedona,Bender,2006
720,$260981.47,Ford,Country,Palanas,1967
721,$939423.13,Oldsmobile,Bravada,Baltimore,1993
722,$363559.04,Acura,CL,Santa Bárbara,2001
723,$848892.85,Mercedes-Benz,SL-Class,Guolemude,1987
724,$136776.83,Mitsubishi,Pajero,Balma,1995
725,$834714.06,Volkswagen,Touareg,Turochak,2005
726,$340709.77,Subaru,Baja,Sauce,2004
727,$632568.13,Dodge,Ram Van 2500,Arma,2001
728,$373148.90,Toyota,Tundra,Portsmouth,2005
729,$615995.68,Mitsubishi,Galant,Uruaçu,1996
730,$742942.76,Isuzu,Ascender,Cergy-Pontoise,2009
731,$598564.05,Toyota,Land Cruiser,Yanggu’ao,1995
732,$844430.22,Mercedes-Benz,300D,Washington,1993
733,$549555.88,Pontiac,GTO,Chvalšiny,1971
734,$336013.07,Infiniti,G,Tercena,2003
735,$764796.16,MINI,Cooper Clubman,Yuandianhui,2010
736,$734412.17,Ford,EXP,Bagorejo,1985
737,$357402.78,Hyundai,Tiburon,Itiruçu,2009
738,$720160.66,Pontiac,Grand Prix,Tsapêraī,1998
739,$363184.20,Ford,Explorer,Saryshaghan,1993
740,$765710.71,Toyota,FJ Cruiser,Várzea de Sintra,2008
741,$847408.28,Nissan,Altima,Il’skiy,1996
742,$671786.87,Cadillac,Escalade ESV,Baidoa,2006
743,$976224.40,Bentley,Continental GTC,Embarcación,2007
744,$481753.24,Chrysler,Cirrus,Yeosu,1996
745,$125718.83,Mercedes-Benz,SL-Class,Pineleng,2008
746,$95845.15,Hyundai,Santa Fe,Blinsung,2004
747,$108280.86,Honda,Passport,Neuss,2000
748,$577717.14,Ford,Five Hundred,Qiaochong,2006
749,$611782.13,Lincoln,Town Car,Mường Nhé,1993
750,$535119.23,Chevrolet,Blazer,Takum,1997
751,$169210.13,Ford,Escort,Ikar,1995
752,$540211.57,Infiniti,Q,Fengcheng,2000
753,$787502.87,Plymouth,Voyager,Blois,1994
754,$673660.87,Porsche,911,Jablonné nad Orlicí,1997
755,$903223.24,Subaru,Outback,San Nicolas,2005
756,$936177.17,Mercedes-Benz,E-Class,Thākurgaon,1991
757,$579160.73,Ford,Thunderbird,Ongi,2004
758,$427506.08,Ford,Econoline E150,Litian,1999
759,$67058.55,Hyundai,Tucson,Log,2008
760,$18645.74,Toyota,Avalon,São Miguel,2009
761,$131192.62,Toyota,Land Cruiser,Lansing,1998
762,$454932.54,Ford,Th!nk,Beizhouzi,2001
763,$448689.09,Ford,Freestyle,Caijiagang,2007
764,$866163.21,Scion,tC,Miaofengshan,2010
765,$820624.71,Infiniti,I,Joševa,2002
766,$354303.91,Dodge,Grand Caravan,Káto Asítai,1992
767,$365629.62,BMW,5 Series,Rukungiri,2011
768,$272619.96,Volvo,960,Raemude,1994
769,$771854.41,GMC,Sierra Denali,Halat,2006
770,$552934.75,Audi,A5,Harstad,2012
771,$328998.29,Pontiac,GTO,São Sebastião,1964
772,$235274.41,Ram,3500,Lavezares,2012
773,$316388.71,Oldsmobile,Intrigue,Banikoara,2000
774,$193922.66,Mazda,MX-3,Roshchino,1994
775,$552230.57,Isuzu,Rodeo,Emiliano Zapata,1992
776,$812196.20,GMC,Vandura 2500,Baicheng,1993
777,$627220.32,Ford,Taurus,Suva Reka,1997
778,$47456.69,Ford,Econoline E250,Inya,1995
779,$970774.12,Toyota,Xtra,Barra de Carrasco,1995
780,$665473.33,Ford,Mustang,Nancaicun,1966
781,$897821.76,Nissan,Altima,Seroa,1999
782,$943540.14,Suzuki,Swift,Krzanowice,1998
783,$185425.29,Volkswagen,GTI,Yoichi,2012
784,$320700.96,Mitsubishi,Galant,Lagny-sur-Marne,1984
785,$979552.64,Ford,Aerostar,Novikovo,1997
786,$377885.47,Audi,TT,Guanzhou,2010
787,$995097.44,Nissan,GT-R,Xinzheng,2010
788,$324771.15,Toyota,Land Cruiser,Kiraman,2008
789,$129051.59,Pontiac,Bonneville,Mauá,2000
790,$400827.67,Volvo,V70,Gengzhuang,2009
791,$392612.15,Acura,TL,Sepatan,2008
792,$419830.99,Lotus,Esprit,Belköl,2001
793,$587779.24,Isuzu,Rodeo,Dongfeng,2000
794,$958441.94,GMC,Sonoma,Bologna,2001
795,$284501.00,Lincoln,Continental,Bragança,1996
796,$81840.54,Dodge,Ram Van 2500,Mlonggo,2003
797,$691246.59,BMW,6 Series,Mingjiu,2006
798,$756196.98,Chevrolet,Express,Huolianpo,2010
799,$106447.20,Volvo,S60,Vanadzor,2010
800,$127169.91,Oldsmobile,Cutlass Supreme,Fengcheng,1996
801,$723788.11,Ford,Aerostar,Qukës-Skënderbe,1996
802,$404307.54,Maserati,Karif,Mörön,1989
803,$315220.76,Cadillac,CTS-V,Glugur Tengah,2007
804,$437345.60,BMW,M Roadster,Sanrao,2007
805,$157800.20,Honda,Odyssey,Fengjiang,1997
806,$698690.29,Lexus,LS,Guiwu,2005
807,$141098.88,Chevrolet,Equinox,Succha,2007
808,$535055.63,Ford,Econoline E350,San Kamphaeng,1997
809,$618998.39,Pontiac,LeMans,Shipunovo,1964
810,$675164.04,Lincoln,Navigator,Pasar,2003
811,$214608.60,Land Rover,Defender 90,Vidče,1995
812,$216548.02,Chrysler,Cirrus,Główczyce,1998
813,$177010.07,Lexus,SC,Ibicaraí,2010
814,$294246.66,Ford,F250,Tanahmerah,2004
815,$550920.74,Mercury,Cougar,Amersfoort,1985
816,$766951.69,Mitsubishi,Pajero,Quintã,1994
817,$5800.30,Chevrolet,Avalanche,Denton,2012
818,$876238.05,Ford,F150,Vylkove,2007
819,$230665.00,GMC,Sierra 1500,Pictou,2000
820,$228174.57,GMC,Sierra 2500,Honglu,2003
821,$45150.27,Nissan,Quest,Panikihan,2000
822,$249630.50,Audi,S5,Tagkawayan Sabang,2011
823,$23973.57,Saab,9-2X,Jisegumen,2005
824,$962163.24,Buick,Roadmaster,Amboasary,1991
825,$163967.76,Honda,Odyssey,Nässjö,2005
826,$190506.95,GMC,Savana 2500,Johogunung,2010
827,$488688.81,Toyota,Supra,Eséka,1996
828,$759972.11,Chrysler,Voyager,Dallas,2003
829,$541737.77,Austin,Mini,Purda,1959
830,$526718.29,Chevrolet,Silverado 3500,Hakodate,2009
831,$701223.48,Ford,F250,Charyshskoye,2001
832,$619911.65,Mazda,Mazdaspeed 3,Reisjärvi,2010
833,$591269.63,Lincoln,Town Car,Nyzhni Petrivtsi,1994
834,$38672.03,Volkswagen,GLI,Gadžin Han,2009
835,$432248.70,Mitsubishi,Challenger,Linan,1999
836,$97251.62,Isuzu,Trooper,Rendeng,2002
837,$810049.80,Ford,Focus,Gawul,2013
838,$86016.69,Mercedes-Benz,Sprinter 3500,Saint-Jean-de-Monts,2011
839,$544392.42,Mitsubishi,Lancer Evolution,Dahedian,2003
840,$740249.94,Hyundai,Sonata,Évry,1994
841,$572319.50,Lincoln,Navigator,Górzno,2002
842,$580591.21,Land Rover,Range Rover,Miaoli,2004
843,$26189.37,Toyota,Prius,Funehikimachi-funehiki,2002
844,$238967.73,Mitsubishi,Diamante,Sułkowice,2000
845,$518906.97,Chrysler,300M,Chengmagang,1999
846,$798463.35,Pontiac,Bonneville,Palena,1988
847,$322224.99,Volkswagen,Passat,Arbuzynka,1998
848,$427060.97,Jeep,Cherokee,Vyborg,1993
849,$291420.51,Mitsubishi,Outlander Sport,Palopo,2012
850,$974971.83,Cadillac,SRX,Chruszczobród,2009
851,$911172.56,Hyundai,Accent,Södertälje,2008
852,$746539.69,Toyota,Tundra,Rakitnoye,2003
853,$84169.19,Subaru,Legacy,Rancaseneng,2012
854,$631039.25,Suzuki,Sidekick,Árta,1996
855,$93211.98,Kia,Sportage,Prinza,1999
856,$103549.18,Acura,NSX,Garland,1997
857,$308666.55,Audi,4000s,Evansville,1985
858,$300341.73,Hyundai,Elantra,Taishan,1997
859,$623620.27,Volvo,S40,Santa Paz,2006
860,$94892.76,Chevrolet,2500,Toyós,2000
861,$303296.60,Saturn,VUE,Sison,2007
862,$912974.77,Chevrolet,Suburban 2500,Rechka,2007
863,$406259.74,Lamborghini,Diablo,Dois Córregos,1999
864,$97414.21,Acura,RSX,Krzęcin,2004
865,$464540.94,Ford,Focus,Mashtūl as Sūq,2006
866,$347012.53,Mercedes-Benz,C-Class,Jiangjiazui,2003
867,$218339.06,Acura,NSX,Chon Daen,1994
868,$44890.55,Chevrolet,Corsica,Porlamar,1992
869,$132119.22,Hyundai,Sonata,Umeå,2012
870,$873166.25,GMC,Vandura G3500,Bāfq,1995
871,$805989.32,Mitsubishi,GTO,Sendangkemulian,1996
872,$832221.10,Chevrolet,Suburban 1500,Vyatskiye Polyany,2006
873,$717096.75,Lexus,LX,Paniqui,2000
874,$858444.68,Buick,Rendezvous,Meru,2005
875,$804124.85,Tesla,Roadster,Longbei,2011
876,$57144.38,Dodge,Viper,Velenje,2008
877,$363874.62,Nissan,Altima,Kenamoen,2002
878,$200732.70,Mazda,626,Priyutovo,1995
879,$953841.15,Volvo,S60,Vrilissia,2006
880,$569854.98,BMW,745,Pompano Beach,2005
881,$632654.11,Toyota,Tercel,Tromsø,1996
882,$350809.86,Ford,LTD Crown Victoria,Binafun,1984
883,$731407.83,Audi,A5,Sung Noen,2012
884,$968921.33,Volvo,C70,Mojogajeh,2008
885,$779079.83,Audi,80,Vitoria-Gasteiz,1989
886,$252808.75,Ferrari,599 GTB Fiorano,Hongguang,2007
887,$920410.77,Pontiac,Firebird,Mỏ Cày,1995
888,$25864.70,Mazda,B-Series Plus,Verbivka,1998
889,$130273.65,Buick,Terraza,Smederevo,2006
890,$850397.36,Cadillac,Escalade,Dehang,2000
891,$206727.84,Mazda,Mazda6 5-Door,Jiaoxie,2006
892,$36277.65,Dodge,Shadow,Huilong,1992
893,$783102.79,Mitsubishi,Montero,Sanjiao,2003
894,$951483.44,Volvo,940,Borås,1994
895,$235669.55,Volkswagen,rio,Västerås,2000
896,$858135.70,BMW,X5 M,Serzedo,2012
897,$597219.19,Mercury,Cougar,Longtang,1999
898,$393594.11,Nissan,Titan,Santa Cruz do Rio Pardo,2011
899,$386487.72,Ford,F150,Zhengcun,2012
900,$386216.39,Oldsmobile,88,Tuanchengshan,1997
901,$136006.61,Toyota,Avalon,Sagaing,2002
902,$477524.72,Mercedes-Benz,SLR McLaren,Carabayllo,2007
903,$169938.54,Ford,Expedition,Joutsa,2007
904,$572834.51,GMC,Sierra 1500,Nglengkir,2002
905,$204564.69,Kia,Sorento,Yeping,2009
906,$530969.21,Mazda,MX-6,Dorp Antriol,1994
907,$309536.58,Kia,Optima,Brandsen,2003
908,$79168.07,Ford,Focus ST,Trawniki,2013
909,$143195.40,Dodge,Avenger,Weitang,2009
910,$171330.96,Ford,Windstar,Kuala Terengganu,1995
911,$671403.08,Eagle,Talon,Inuvik,1994
912,$889357.85,Plymouth,Grand Voyager,Kota Kinabalu,1998
913,$308022.10,Mercedes-Benz,SL-Class,Jaguimitan,1989
914,$705610.39,GMC,Sierra 3500,Young,2000
915,$973923.85,Subaru,Outback,Habana del Este,2011
916,$268257.00,Nissan,Pathfinder Armada,Caijiagang,2004
917,$254498.70,Chevrolet,Camaro,Södertälje,1968
918,$481604.52,Lexus,SC,Mengla,1992
919,$864592.35,Pontiac,G5,Sagae,2007
920,$264576.89,Rolls-Royce,Phantom,Tavricheskoye,2005
921,$359652.86,Jaguar,S-Type,Lichtenburg,2004
922,$369756.58,Mitsubishi,Mighty Max Macro,Robertsfors,1992
923,$752506.29,Mazda,626,Al Metlaoui,2001
924,$889598.52,Jeep,Wrangler,Tanamiting,2005
925,$613229.84,Eagle,Talon,Tazouta,1991
926,$320848.64,Cadillac,Fleetwood,Hakui,1992
927,$948494.15,Ford,Explorer,Hetan,2004
928,$597062.53,Land Rover,Range Rover,Melchor Ocampo,2009
929,$722695.67,Pontiac,Sunfire,Zagórnik,2001
930,$508849.87,Pontiac,Firebird,Hujiaba,1968
931,$109275.18,Volvo,S60,Nakama,2011
932,$61811.60,Toyota,MR2,Chinoz,2005
933,$832612.24,Oldsmobile,Toronado,Nizhniy Novgorod,1992
934,$870108.09,Hyundai,Tucson,Cicurug,2006
935,$401979.36,Porsche,911,Porirua,2010
936,$688897.88,Geo,Tracker,Amiens,1995
937,$123351.63,Nissan,Pathfinder,Ballylinan,1996
938,$163799.61,Lamborghini,Gallardo,Agen,2012
939,$949196.07,Mazda,MPV,Zákupy,2000
940,$754887.72,Mazda,Miata MX-5,Tatebal,1999
941,$661870.04,Mercedes-Benz,CLK-Class,Uthai Thani,2009
942,$362057.79,Ferrari,430 Scuderia,Nîmes,2008
943,$432827.06,Ferrari,California,Angoulême,2010
944,$493781.41,Infiniti,J,Xinyu,1997
945,$160968.77,GMC,Yukon XL 1500,Pesnica pri Mariboru,2008
946,$327772.00,Toyota,Prius,Tuchoměřice,2004
947,$867298.52,GMC,Yukon XL 2500,Rybí,2002
948,$780487.16,Suzuki,Sidekick,Xingguo,1995
949,$107274.83,Kia,Sorento,Jabłonka,2013
950,$690728.22,Mazda,B-Series Plus,Murcia,1998
951,$125846.08,Cadillac,CTS,Paraná,2007
952,$158876.68,Plymouth,Voyager,Nevyts’ke,1992
953,$779174.06,Audi,Cabriolet,Znamenka,1996
954,$381411.38,Scion,xB,Jinping,2012
955,$791135.45,Buick,Riviera,Salvador,1992
956,$788223.62,Eagle,Talon,Quyangqiao,1993
957,$154895.91,Chevrolet,Corvette,Stoney Ground,1984
958,$407518.95,Honda,Accord,Yangcun,1997
959,$232092.32,Hyundai,Tiburon,San Pedro,2009
960,$643522.17,GMC,1500,Zouma,1992
961,$808719.22,Mitsubishi,Mighty Max,Mandera,1996
962,$361545.66,Volkswagen,Golf,Breda,1992
963,$881007.98,Nissan,Maxima,Žabljak,2010
964,$742283.29,Acura,MDX,Phan Thong,2011
965,$238643.61,Mercedes-Benz,W201,Duanshen,1987
966,$672790.84,GMC,Sierra 1500,Shimabara,2010
967,$345963.74,Lexus,ES,Suponevo,2000
968,$19584.31,Buick,Estate,Velyka Bilozerka,1989
969,$576534.25,Acura,TSX,Ojrzeń,2010
970,$721360.46,Ford,Mustang,Carvalhinho,2001
971,$381866.66,GMC,Sierra,Beidao,2012
972,$256836.66,Toyota,Tacoma,Rybnaya Sloboda,1997
973,$971292.19,Buick,Electra,Barishāl,1985
974,$437078.31,GMC,Sierra 2500HD,Elista,2006
975,$718026.45,Dodge,Dakota Club,Paris 19,1992
976,$745331.75,Mercury,Tracer,Nevel’,1992
977,$653180.52,GMC,Savana 1500,Cẩm Phả,1996
978,$313760.39,Toyota,Previa,Outeiro,1991
979,$377296.50,Dodge,Daytona,Dolores,1992
980,$651062.24,Hyundai,Sonata,Jinta,2001
981,$100008.51,Ford,Probe,Tanshan,1989
982,$576577.22,Subaru,XT,Two Hills,1986
983,$657223.08,Scion,tC,Barranquilla,2013
984,$512817.56,Lamborghini,Diablo,Ishkhoy-Yurt,1993
985,$389132.90,Honda,Element,Potlot,2009
986,$982837.01,Mercury,Cougar,Masinloc,1997
987,$170490.55,Ford,E350,Luxia,2004
988,$656388.96,Renault,Alliance,Nassau,1983
989,$21594.20,Dodge,Stealth,Kedrovyy,1995
990,$315844.73,Toyota,Sienna,Miskindzha,2009
991,$884957.76,Dodge,Spirit,Point Hill,1995
992,$346444.56,Eagle,Talon,Zhoukou,1991
993,$106164.13,Audi,90,K’anak’erravan,1993
994,$169562.61,Chevrolet,Impala SS,Stockholm,1994
995,$64837.57,Chevrolet,Express 3500,Huacachi,2000
996,$719658.16,Toyota,Highlander,Sukaharja,2007
997,$647072.04,Volvo,XC90,Karanlukh,2012
998,$176051.89,Lexus,GS,Bunog,1994
999,$230032.62,Ford,Courier,Meylan,1986
1000,$24138.97,Mazda,626,Skhira,1995
